NAME,EMAIL,AGE,TEAM
uttam,uttampandit@gmail.com,30,CSK
dfdfddfdf,fgfg@g.com,29,DC
uttam,uttampandit@gmail.com,30,CSK
dfdfddfdf,fgfg@g.com,29,DC
uttam,uttampandit@gmail.com,30,CSK
dfdfddfdf,fgfg@g.com,29,DC
uttam,uttampandit@gmail.com,30,CSK
dfdfddfdf,fgfg@g.com,29,DC
uttam,uttampandit@gmail.com,30,CSK
dfdfddfdf,fgfg@g.com,29,DC
uttam,uttampandit@gmail.com,30,CSK
dfdfddfdf,fgfg@g.com,29,DC
uttam,uttampandit@gmail.com,30,CSK
dfdfddfdf,fgfg@g.com,29,DC
uttam,uttampandit@gmail.com,30,CSK
dfdfddfdf,fgfg@g.com,29,DC
uttam,uttampandit@gmail.com,30,CSK
dfdfddfdf,fgfg@g.com,29,DC
uttam,uttampandit@gmail.com,30,CSK
dfdfddfdf,fgfg@g.com,29,DC
uttam,uttampandit@gmail.com,30,CSK
dfdfddfdf,fgfg@g.com,29,DC
uttam,uttampandit@gmail.com,30,CSK
dfdfddfdf,fgfg@g.com,29,DC
uttam,uttampandit@gmail.com,30,CSK
dfdfddfdf,fgfg@g.com,29,DC
uttam,uttampandit@gmail.com,30,CSK
dfdfddfdf,fgfg@g.com,29,DC
uttam,uttampandit@gmail.com,30,CSK
dfdfddfdf,fgfg@g.com,29,DC
uttam,uttampandit@gmail.com,30,CSK
dfdfddfdf,fgfg@g.com,29,DC
